Model,Correlation,P-Value
F1 Decision Tree,-0.05408938102926027,0.08734565965306869
F1 Neural Network,0.015820062653636523,0.6173005064022514
F1 Random Forest,0.08299910467449653,0.008641733198297913
F1 SVM,0.012450016552625565,0.694151889689027
F1 Logistic Regression,-0.021916696177580727,0.4887595569179981
F1 XGBoost,0.011870358061353739,0.7077218961382474
