F1 Decision Tree,F1 Neural Network,F1 Random Forest,F1 SVM,F1 Logistic Regression,F1 XGBoost
0.8074526222980627,0.8634891296443579,0.8957345971563981,0.8033843913889673,0.8729036724275057,0.8627607628199567
0.8015201906820765,0.8767772511848341,0.8759821867940275,0.8033843913889673,0.8638079523571663,0.866886258729065
