Model,Correlation,P-Value
F1 Decision Tree,-0.057742638928897826,7.543076062777671e-09
F1 Neural Network,0.14596790147525224,9.51330368383976e-49
F1 Random Forest,-0.01642068521049128,0.1005954037937669
F1 SVM,,
F1 Logistic Regression,0.0273161685988881,0.006299221396362297
F1 XGBoost,-0.008354037397116012,0.4035410028471205
