Model,Correlation,P-Value
F1 Decision Tree,0.022461873121061293,0.024691847703019226
F1 Neural Network,-0.0344622473811045,0.0005672311990207635
F1 Random Forest,-0.0025158531198655864,0.8013856169781688
F1 SVM,,
F1 Logistic Regression,0.009622330852935852,0.33598175923499224
F1 XGBoost,0.006249289141415704,0.5320649856515456
