Model,Correlation,P-Value
F1 Decision Tree,0.09151082641151415,4.7662121208650455e-20
F1 Neural Network,-0.03693964682944666,0.00022009125737521164
F1 Random Forest,-0.026712241354268886,0.00755430361809047
F1 SVM,,
F1 Logistic Regression,-0.00906915250062742,0.36450171350237304
F1 XGBoost,-0.26831547332368105,1.8240060478493224e-164
