Model,Correlation,P-Value
F1 Decision Tree,-0.0008039604926562615,0.9359302515712197
F1 Neural Network,0.13345944606431234,5.707667325671619e-41
F1 Random Forest,0.009044292398442788,0.3658179661765537
F1 SVM,,
F1 Logistic Regression,-0.01474766681798598,0.14030329903925368
F1 XGBoost,0.004092803546016202,0.6823702160421603
