Model,Correlation,P-Value
F1 Decision Tree,-0.014607758459529158,0.14410570570467188
F1 Neural Network,0.1589047508588134,1.4958839091589058e-57
F1 Random Forest,0.021142261513528503,0.03449834684433237
F1 SVM,,
F1 Logistic Regression,0.011059978018734398,0.26877267706509844
F1 XGBoost,-0.014670058526136688,0.14240288095792009
