Model,Correlation,P-Value
F1 Decision Tree,0.010050883995279274,0.7509041816130421
F1 Neural Network,0.04859063619280144,0.12464728903101101
F1 Random Forest,0.09552637408744574,0.00249498797783638
F1 SVM,-0.42358467964099866,8.291885806568928e-45
F1 Logistic Regression,0.00500815830600447,0.8743190727201002
F1 XGBoost,-0.03475805680781774,0.27215936384436024
