Model,Correlation,P-Value
F1 Decision Tree,-0.0026906618957692066,0.9322773426343336
F1 Neural Network,-0.04341001420387327,0.17016467239397826
F1 Random Forest,-0.07718829086230866,0.014626450608653202
F1 SVM,0.030981707177024045,0.32770985135743486
F1 Logistic Regression,-0.05194397654451592,0.10065910462287128
F1 XGBoost,0.005903581076626533,0.8520873716345387
