Model,Correlation,P-Value
F1 Decision Tree,-0.0009078843535257975,0.9771246549914075
F1 Neural Network,-0.021269412273640178,0.5016902468484944
F1 Random Forest,0.033205300881636764,0.29416901532050993
F1 SVM,0.0037872304304888034,0.9047894191749372
F1 Logistic Regression,0.009151920254859256,0.7725406563464495
F1 XGBoost,0.05102043616483293,0.10686619397291955
