Model,Correlation,P-Value
F1 Decision Tree,-0.011202003536923617,0.7234838995892124
F1 Neural Network,0.09830897010683742,0.0018553735360128448
F1 Random Forest,0.033046792038342335,0.2964810249792497
F1 SVM,-0.09434180232765295,0.0028239297792870613
F1 Logistic Regression,-0.006415785286317262,0.8394216773987968
F1 XGBoost,-0.0002870525134266648,0.9927664422262986
