Model,Correlation,P-Value
F1 Decision Tree,-0.01706780416622482,0.5898209099028411
F1 Neural Network,0.07972927720695855,0.011664869495775517
F1 Random Forest,0.04602458765645363,0.1458421862434569
F1 SVM,-0.011932338094040365,0.7062663969981385
F1 Logistic Regression,-0.014572616812850004,0.6453190723944515
F1 XGBoost,0.02497877892191844,0.4300924187079516
