Model,Correlation,P-Value
F1 Decision Tree,0.10420643684681163,1.4997185593656422e-25
F1 Neural Network,0.12567721484740615,1.7191930160112887e-36
F1 Random Forest,-0.028458012071951023,0.0044269161159354925
F1 SVM,-0.10427118914562214,1.3999581963967042e-25
F1 Logistic Regression,0.030248082103994135,0.0024853266108894657
F1 XGBoost,0.040298167702553865,5.555178789842532e-05
