Model,Correlation,P-Value
F1 Decision Tree,0.21377123743678458,1.0478096520842287e-103
F1 Neural Network,0.022816814766723204,0.022507456044897456
F1 Random Forest,0.06156218577800782,7.215325539627896e-10
F1 SVM,-0.005377714820382667,0.5907785556233611
F1 Logistic Regression,-0.006310473665429952,0.5280570259407503
F1 XGBoost,0.0414296507890515,3.4096278223595726e-05
