Model,Correlation,P-Value
F1 Decision Tree,0.09662618761226174,3.5237675007521064e-22
F1 Neural Network,0.04251929979915094,2.1062248928372807e-05
F1 Random Forest,-0.03167780391000943,0.0015339681073900041
F1 SVM,0.008689071218379914,0.3849483811330061
F1 Logistic Regression,-0.007565290048449928,0.44938228234095384
F1 XGBoost,0.028870064087200914,0.0038862866709443626
