Model,Correlation,P-Value
F1 Decision Tree,-0.003935514731735659,0.6939474178335107
F1 Neural Network,0.01950125962448514,0.051168061529634726
F1 Random Forest,-0.042239606904663246,2.3860322825311136e-05
F1 SVM,-0.0013577796338275422,0.8920101813423417
F1 Logistic Regression,-0.011509541040452959,0.24979463318189551
F1 XGBoost,0.006826248664650807,0.49489282765509934
