Model,Correlation,P-Value
F1 Decision Tree,0.02269207534934531,0.023255191555225166
F1 Neural Network,0.04821263541002804,1.4108499534133793e-06
F1 Random Forest,-0.046962824187460145,2.6235187346764523e-06
F1 SVM,0.005119079187236145,0.6087578977148433
F1 Logistic Regression,-0.003634469287464758,0.7163040886025237
F1 XGBoost,-0.004107599137887719,0.6812849746807622
